timestamp,x_position,y_position,z_position,layer_width,layer_height,defect_detected
2025-05-11T16:08:29.009089,100.0,200.0,300.0,48.20370288871747,250.45567128373858,True
2025-05-11T16:08:29.073460,100.0,200.0,300.0,48.13874853965061,250.15660092099768,True
2025-05-11T16:08:29.134824,100.0,200.0,300.0,48.13874853965061,250.15660092099768,True
2025-05-11T16:08:29.192414,100.0,200.0,300.0,48.13874853965061,250.15660092099768,True
2025-05-11T16:08:29.252529,100.0,200.0,300.0,48.23627164082487,250.60562811721786,True
2025-05-11T16:08:29.311036,100.0,200.0,300.0,48.23627164082487,250.60562811721786,True
2025-05-11T16:08:29.369770,100.0,200.0,300.0,48.13874853965061,250.15660092099768,True
2025-05-11T16:08:29.427976,100.0,200.0,300.0,48.17119524560194,250.3059958153815,True
2025-05-11T16:08:29.487157,100.0,200.0,300.0,48.13874853965061,250.15660092099768,True
2025-05-11T16:08:29.545441,100.0,200.0,300.0,48.20370288871747,250.45567128373858,True
2025-05-11T16:08:29.603670,100.0,200.0,300.0,48.20370288871747,250.45567128373858,True
2025-05-11T16:08:29.666083,100.0,200.0,300.0,48.20370288871747,250.45567128373858,True
2025-05-11T16:08:29.731258,100.0,200.0,300.0,48.13874853965061,250.15660092099768,True
2025-05-11T16:08:29.789734,100.0,200.0,300.0,48.17119524560194,250.3059958153815,True
2025-05-11T16:08:29.855987,100.0,200.0,300.0,48.20370288871747,250.45567128373858,True
2025-05-11T16:08:29.914778,100.0,200.0,300.0,48.17119524560194,250.3059958153815,True
2025-05-11T16:08:29.973261,100.0,200.0,300.0,48.17119524560194,250.3059958153815,True
2025-05-11T16:08:30.031424,100.0,200.0,300.0,48.13874853965061,250.15660092099768,True
2025-05-11T16:08:30.089670,100.0,200.0,300.0,48.13874853965061,250.15660092099768,True
2025-05-11T16:08:30.146932,100.0,200.0,300.0,48.13874853965061,250.15660092099768,True
2025-05-11T16:08:30.204872,100.0,200.0,300.0,48.13874853965061,250.15660092099768,True
2025-05-11T16:08:30.262751,100.0,200.0,300.0,48.20370288871747,250.45567128373858,True
2025-05-11T16:08:30.320949,100.0,200.0,300.0,48.20370288871747,250.45567128373858,True
2025-05-11T16:08:30.379054,100.0,200.0,300.0,48.17119524560194,250.3059958153815,True
2025-05-11T16:08:30.437225,100.0,200.0,300.0,48.20370288871747,250.45567128373858,True
2025-05-11T16:08:30.494845,100.0,200.0,300.0,48.17119524560194,250.3059958153815,True
2025-05-11T16:08:30.553914,100.0,200.0,300.0,48.20370288871747,250.45567128373858,True
2025-05-11T16:08:30.612032,100.0,200.0,300.0,48.17119524560194,250.3059958153815,True
2025-05-11T16:08:30.669620,100.0,200.0,300.0,48.13874853965061,250.15660092099768,True
2025-05-11T16:08:30.726529,100.0,200.0,300.0,48.20370288871747,250.45567128373858,True
2025-05-11T16:08:30.784158,100.0,200.0,300.0,48.13874853965061,250.15660092099768,True
2025-05-11T16:08:30.841647,100.0,200.0,300.0,48.20370288871747,250.45567128373858,True
2025-05-11T16:08:30.899299,100.0,200.0,300.0,48.20370288871747,250.45567128373858,True
2025-05-11T16:08:30.955969,100.0,200.0,300.0,48.20370288871747,250.45567128373858,True
2025-05-11T16:08:31.013838,100.0,200.0,300.0,48.20370288871747,250.45567128373858,True
2025-05-11T16:08:31.075889,100.0,200.0,300.0,48.17119524560194,250.3059958153815,True
2025-05-11T16:08:31.137693,100.0,200.0,300.0,48.13874853965061,250.15660092099768,True
2025-05-11T16:08:31.195311,100.0,200.0,300.0,48.13874853965061,250.15660092099768,True
2025-05-11T16:08:31.253453,100.0,200.0,300.0,48.13874853965061,250.15660092099768,True
2025-05-11T16:08:31.311480,100.0,200.0,300.0,48.13874853965061,250.15660092099768,True
2025-05-11T16:08:31.373124,100.0,200.0,300.0,48.17119524560194,250.3059958153815,True
2025-05-11T16:08:31.435913,100.0,200.0,300.0,48.13874853965061,250.15660092099768,True
2025-05-11T16:08:31.493683,100.0,200.0,300.0,48.10636259967936,250.00748581240146,True
2025-05-11T16:08:31.551995,100.0,200.0,300.0,48.17119524560194,250.3059958153815,True
2025-05-11T16:08:31.609511,100.0,200.0,300.0,48.13874853965061,250.15660092099768,True
2025-05-11T16:08:31.667188,100.0,200.0,300.0,48.13874853965061,250.15660092099768,True
2025-05-11T16:08:31.724518,100.0,200.0,300.0,48.23627164082487,250.60562811721786,True
2025-05-11T16:08:31.781912,100.0,200.0,300.0,48.13874853965061,250.15660092099768,True
2025-05-11T16:08:31.839683,100.0,200.0,300.0,48.13874853965061,250.15660092099768,True
2025-05-11T16:08:31.896790,100.0,200.0,300.0,48.17119524560194,250.3059958153815,True
2025-05-11T16:08:31.954678,100.0,200.0,300.0,48.13874853965061,250.15660092099768,True
2025-05-11T16:08:32.012785,100.0,200.0,300.0,48.20370288871747,250.45567128373858,True
2025-05-11T16:08:32.070156,100.0,200.0,300.0,48.13874853965061,250.15660092099768,True
2025-05-11T16:08:32.127467,100.0,200.0,300.0,48.20370288871747,250.45567128373858,True
2025-05-11T16:08:32.184933,100.0,200.0,300.0,48.17119524560194,250.3059958153815,True
2025-05-11T16:08:32.242087,100.0,200.0,300.0,48.17119524560194,250.3059958153815,True
2025-05-11T16:08:32.299633,100.0,200.0,300.0,48.20370288871747,250.45567128373858,True
2025-05-11T16:08:32.356409,100.0,200.0,300.0,48.13874853965061,250.15660092099768,True
2025-05-11T16:08:32.413554,100.0,200.0,300.0,48.17119524560194,250.3059958153815,True
2025-05-11T16:08:32.472787,100.0,200.0,300.0,48.20370288871747,250.45567128373858,True
2025-05-11T16:08:32.531040,100.0,200.0,300.0,48.20370288871747,250.45567128373858,True
2025-05-11T16:08:32.588628,100.0,200.0,300.0,48.13874853965061,250.15660092099768,True
2025-05-11T16:08:32.645726,100.0,200.0,300.0,48.17119524560194,250.3059958153815,True
2025-05-11T16:08:32.703129,100.0,200.0,300.0,48.20370288871747,250.45567128373858,True
2025-05-11T16:08:32.760089,100.0,200.0,300.0,48.13874853965061,250.15660092099768,True
2025-05-11T16:08:32.818092,100.0,200.0,300.0,48.20370288871747,250.45567128373858,True
2025-05-11T16:08:32.877227,100.0,200.0,300.0,48.13874853965061,250.15660092099768,True
2025-05-11T16:08:32.935578,100.0,200.0,300.0,48.20370288871747,250.45567128373858,True
2025-05-11T16:08:32.994777,100.0,200.0,300.0,48.20370288871747,250.45567128373858,True
2025-05-11T16:08:33.052542,100.0,200.0,300.0,48.20370288871747,250.45567128373858,True
2025-05-11T16:08:33.109757,100.0,200.0,300.0,48.20370288871747,250.45567128373858,True
2025-05-11T16:08:33.167821,100.0,200.0,300.0,48.17119524560194,250.3059958153815,True
2025-05-11T16:08:33.224915,100.0,200.0,300.0,48.20370288871747,250.45567128373858,True
2025-05-11T16:08:33.283047,100.0,200.0,300.0,48.20370288871747,250.45567128373858,True
2025-05-11T16:08:33.341212,100.0,200.0,300.0,48.20370288871747,250.45567128373858,True
2025-05-11T16:08:33.398256,100.0,200.0,300.0,48.23627164082487,250.60562811721786,True
2025-05-11T16:08:33.455979,100.0,200.0,300.0,48.20370288871747,250.45567128373858,True
2025-05-11T16:08:33.514925,100.0,200.0,300.0,48.20370288871747,250.45567128373858,True
2025-05-11T16:08:33.572333,100.0,200.0,300.0,48.17119524560194,250.3059958153815,True
2025-05-11T16:08:33.629205,100.0,200.0,300.0,48.13874853965061,250.15660092099768,True
2025-05-11T16:08:33.687255,100.0,200.0,300.0,48.20370288871747,250.45567128373858,True
2025-05-11T16:08:33.753023,100.0,200.0,300.0,48.17119524560194,250.3059958153815,True
2025-05-11T16:08:33.810522,100.0,200.0,300.0,48.23627164082487,250.60562811721786,True
2025-05-11T16:08:33.876912,100.0,200.0,300.0,48.23627164082487,250.60562811721786,True
2025-05-11T16:08:33.947875,100.0,200.0,300.0,48.23627164082487,250.60562811721786,True
2025-05-11T16:08:34.006119,100.0,200.0,300.0,48.17119524560194,250.3059958153815,True
2025-05-11T16:08:34.065287,100.0,200.0,300.0,48.17119524560194,250.3059958153815,True
2025-05-11T16:08:34.123715,100.0,200.0,300.0,48.17119524560194,250.3059958153815,True
2025-05-11T16:08:34.182581,100.0,200.0,300.0,48.13874853965061,250.15660092099768,True
2025-05-11T16:08:34.241347,100.0,200.0,300.0,48.23627164082487,250.60562811721786,True
2025-05-11T16:08:34.298904,100.0,200.0,300.0,48.23627164082487,250.60562811721786,True
2025-05-11T16:08:34.355575,100.0,200.0,300.0,48.23627164082487,250.60562811721786,True
2025-05-11T16:08:34.413942,100.0,200.0,300.0,48.13874853965061,250.15660092099768,True
2025-05-11T16:08:34.472659,100.0,200.0,300.0,48.20370288871747,250.45567128373858,True
2025-05-11T16:08:34.531920,100.0,200.0,300.0,48.17119524560194,250.3059958153815,True
2025-05-11T16:08:34.591515,100.0,200.0,300.0,48.13874853965061,250.15660092099768,True
2025-05-11T16:08:34.651191,100.0,200.0,300.0,48.13874853965061,250.15660092099768,True
2025-05-11T16:08:34.708872,100.0,200.0,300.0,48.17119524560194,250.3059958153815,True
2025-05-11T16:08:34.767618,100.0,200.0,300.0,48.13874853965061,250.15660092099768,True
2025-05-11T16:08:34.827471,100.0,200.0,300.0,48.23627164082487,250.60562811721786,True
2025-05-11T16:08:34.886344,100.0,200.0,300.0,48.17119524560194,250.3059958153815,True
2025-05-11T16:08:34.943906,100.0,200.0,300.0,48.20370288871747,250.45567128373858,True
2025-05-11T16:08:35.001474,100.0,200.0,300.0,48.17119524560194,250.3059958153815,True
2025-05-11T16:08:35.058404,100.0,200.0,300.0,48.17119524560194,250.3059958153815,True
2025-05-11T16:08:35.116109,100.0,200.0,300.0,48.13874853965061,250.15660092099768,True
2025-05-11T16:08:35.173692,100.0,200.0,300.0,48.13874853965061,250.15660092099768,True
2025-05-11T16:08:35.231848,100.0,200.0,300.0,48.13874853965061,250.15660092099768,True
2025-05-11T16:08:35.290744,100.0,200.0,300.0,48.13874853965061,250.15660092099768,True
2025-05-11T16:08:35.349448,100.0,200.0,300.0,48.13874853965061,250.15660092099768,True
2025-05-11T16:08:35.406941,100.0,200.0,300.0,48.17119524560194,250.3059958153815,True
2025-05-11T16:08:35.465293,100.0,200.0,300.0,48.23627164082487,250.60562811721786,True
2025-05-11T16:08:35.522365,100.0,200.0,300.0,48.20370288871747,250.45567128373858,True
2025-05-11T16:08:35.579178,100.0,200.0,300.0,48.20370288871747,250.45567128373858,True
2025-05-11T16:08:35.636515,100.0,200.0,300.0,48.23627164082487,250.60562811721786,True
2025-05-11T16:08:35.693975,100.0,200.0,300.0,48.23627164082487,250.60562811721786,True
2025-05-11T16:08:35.751110,100.0,200.0,300.0,48.20370288871747,250.45567128373858,True
2025-05-11T16:08:35.809814,100.0,200.0,300.0,48.20370288871747,250.45567128373858,True
2025-05-11T16:08:35.868655,100.0,200.0,300.0,48.20370288871747,250.45567128373858,True
2025-05-11T16:08:35.926187,100.0,200.0,300.0,48.23627164082487,250.60562811721786,True
2025-05-11T16:08:35.984047,100.0,200.0,300.0,48.20370288871747,250.45567128373858,True
2025-05-11T16:08:36.042588,100.0,200.0,300.0,48.13874853965061,250.15660092099768,True
2025-05-11T16:08:36.100140,100.0,200.0,300.0,48.20370288871747,250.45567128373858,True
2025-05-11T16:08:36.158338,100.0,200.0,300.0,48.13874853965061,250.15660092099768,True
2025-05-11T16:08:36.216066,100.0,200.0,300.0,48.20370288871747,250.45567128373858,True
2025-05-11T16:08:36.273358,100.0,200.0,300.0,48.23627164082487,250.60562811721786,True
2025-05-11T16:08:36.330759,100.0,200.0,300.0,48.20370288871747,250.45567128373858,True
2025-05-11T16:08:36.390557,100.0,200.0,300.0,48.20370288871747,250.45567128373858,True
2025-05-11T16:08:36.449921,100.0,200.0,300.0,48.20370288871747,250.45567128373858,True
2025-05-11T16:08:36.509782,100.0,200.0,300.0,48.20370288871747,250.45567128373858,True
2025-05-11T16:08:36.567315,100.0,200.0,300.0,48.17119524560194,250.3059958153815,True
2025-05-11T16:08:36.624070,100.0,200.0,300.0,48.13874853965061,250.15660092099768,True
2025-05-11T16:08:36.681542,100.0,200.0,300.0,48.13874853965061,250.15660092099768,True
2025-05-11T16:08:36.739574,100.0,200.0,300.0,48.13874853965061,250.15660092099768,True
2025-05-11T16:08:36.796564,100.0,200.0,300.0,48.10636259967936,250.00748581240146,True
2025-05-11T16:08:36.853939,100.0,200.0,300.0,48.13874853965061,250.15660092099768,True
2025-05-11T16:08:36.912219,100.0,200.0,300.0,48.17119524560194,250.3059958153815,True
2025-05-11T16:08:36.969727,100.0,200.0,300.0,48.13874853965061,250.15660092099768,True
2025-05-11T16:08:37.027875,100.0,200.0,300.0,48.17119524560194,250.3059958153815,True
2025-05-11T16:08:37.094318,100.0,200.0,300.0,48.13874853965061,250.15660092099768,True
2025-05-11T16:08:37.152455,100.0,200.0,300.0,48.13874853965061,250.15660092099768,True
2025-05-11T16:08:37.210901,100.0,200.0,300.0,48.13874853965061,250.15660092099768,True
2025-05-11T16:08:37.268887,100.0,200.0,300.0,48.13874853965061,250.15660092099768,True
2025-05-11T16:08:37.326237,100.0,200.0,300.0,48.20370288871747,250.45567128373858,True
2025-05-11T16:08:37.384161,100.0,200.0,300.0,48.17119524560194,250.3059958153815,True
2025-05-11T16:08:37.442050,100.0,200.0,300.0,48.17119524560194,250.3059958153815,True
2025-05-11T16:08:37.499778,100.0,200.0,300.0,48.13874853965061,250.15660092099768,True
2025-05-11T16:08:37.557659,100.0,200.0,300.0,48.13874853965061,250.15660092099768,True
2025-05-11T16:08:37.616363,100.0,200.0,300.0,48.20370288871747,250.45567128373858,True
2025-05-11T16:08:37.673101,100.0,200.0,300.0,48.20370288871747,250.45567128373858,True
2025-05-11T16:08:37.730293,100.0,200.0,300.0,48.23627164082487,250.60562811721786,True
2025-05-11T16:08:37.788858,100.0,200.0,300.0,48.20370288871747,250.45567128373858,True
2025-05-11T16:08:37.846981,100.0,200.0,300.0,48.23627164082487,250.60562811721786,True
2025-05-11T16:08:37.904152,100.0,200.0,300.0,48.13874853965061,250.15660092099768,True
2025-05-11T16:08:37.961427,100.0,200.0,300.0,48.17119524560194,250.3059958153815,True
2025-05-11T16:08:38.018679,100.0,200.0,300.0,48.13874853965061,250.15660092099768,True
2025-05-11T16:08:38.077034,100.0,200.0,300.0,48.17119524560194,250.3059958153815,True
2025-05-11T16:08:38.134856,100.0,200.0,300.0,48.23627164082487,250.60562811721786,True
2025-05-11T16:08:38.192279,100.0,200.0,300.0,48.13874853965061,250.15660092099768,True
2025-05-11T16:08:38.249996,100.0,200.0,300.0,48.17119524560194,250.3059958153815,True
2025-05-11T16:08:38.307802,100.0,200.0,300.0,48.20370288871747,250.45567128373858,True
2025-05-11T16:08:38.365244,100.0,200.0,300.0,48.17119524560194,250.3059958153815,True
2025-05-11T16:08:38.423024,100.0,200.0,300.0,48.20370288871747,250.45567128373858,True
2025-05-11T16:08:38.480031,100.0,200.0,300.0,48.17119524560194,250.3059958153815,True
2025-05-11T16:08:38.538032,100.0,200.0,300.0,48.13874853965061,250.15660092099768,True
2025-05-11T16:08:38.595754,100.0,200.0,300.0,48.13874853965061,250.15660092099768,True
2025-05-11T16:08:38.653645,100.0,200.0,300.0,48.13874853965061,250.15660092099768,True
2025-05-11T16:08:38.711695,100.0,200.0,300.0,48.20370288871747,250.45567128373858,True
2025-05-11T16:08:38.768767,100.0,200.0,300.0,48.13874853965061,250.15660092099768,True
2025-05-11T16:08:38.829473,100.0,200.0,300.0,48.20370288871747,250.45567128373858,True
2025-05-11T16:08:38.887173,100.0,200.0,300.0,48.13874853965061,250.15660092099768,True
2025-05-11T16:08:38.944731,100.0,200.0,300.0,48.23627164082487,250.60562811721786,True
2025-05-11T16:08:39.003541,100.0,200.0,300.0,48.20370288871747,250.45567128373858,True
2025-05-11T16:08:39.062411,100.0,200.0,300.0,48.13874853965061,250.15660092099768,True
2025-05-11T16:08:39.125351,100.0,200.0,300.0,48.17119524560194,250.3059958153815,True
2025-05-11T16:08:39.182853,100.0,200.0,300.0,48.20370288871747,250.45567128373858,True
2025-05-11T16:08:39.241845,100.0,200.0,300.0,48.13874853965061,250.15660092099768,True
2025-05-11T16:08:39.301721,100.0,200.0,300.0,48.20370288871747,250.45567128373858,True
2025-05-11T16:08:39.360224,100.0,200.0,300.0,48.17119524560194,250.3059958153815,True
2025-05-11T16:08:39.417733,100.0,200.0,300.0,48.13874853965061,250.15660092099768,True
2025-05-11T16:08:39.475472,100.0,200.0,300.0,48.20370288871747,250.45567128373858,True
2025-05-11T16:08:39.533063,100.0,200.0,300.0,48.20370288871747,250.45567128373858,True
2025-05-11T16:08:39.598413,100.0,200.0,300.0,48.17119524560194,250.3059958153815,True
2025-05-11T16:08:39.655736,100.0,200.0,300.0,48.13874853965061,250.15660092099768,True
2025-05-11T16:08:39.713803,100.0,200.0,300.0,48.20370288871747,250.45567128373858,True
2025-05-11T16:08:39.770326,100.0,200.0,300.0,48.13874853965061,250.15660092099768,True
2025-05-11T16:08:39.827840,100.0,200.0,300.0,48.13874853965061,250.15660092099768,True
2025-05-11T16:08:39.885583,100.0,200.0,300.0,48.13874853965061,250.15660092099768,True
2025-05-11T16:08:39.943036,100.0,200.0,300.0,48.17119524560194,250.3059958153815,True
2025-05-11T16:08:40.001099,100.0,200.0,300.0,48.17119524560194,250.3059958153815,True
2025-05-11T16:08:40.059923,100.0,200.0,300.0,48.17119524560194,250.3059958153815,True
2025-05-11T16:08:40.117418,100.0,200.0,300.0,48.13874853965061,250.15660092099768,True
2025-05-11T16:08:40.175003,100.0,200.0,300.0,48.13874853965061,250.15660092099768,True
2025-05-11T16:08:40.232728,100.0,200.0,300.0,48.20370288871747,250.45567128373858,True
2025-05-11T16:08:40.289480,100.0,200.0,300.0,48.20370288871747,250.45567128373858,True
2025-05-11T16:08:40.346970,100.0,200.0,300.0,48.20370288871747,250.45567128373858,True
2025-05-11T16:08:40.404434,100.0,200.0,300.0,48.20370288871747,250.45567128373858,True
2025-05-11T16:08:40.462402,100.0,200.0,300.0,48.20370288871747,250.45567128373858,True
2025-05-11T16:08:40.521142,100.0,200.0,300.0,48.17119524560194,250.3059958153815,True
2025-05-11T16:08:40.578988,100.0,200.0,300.0,48.20370288871747,250.45567128373858,True
2025-05-11T16:08:40.640325,100.0,200.0,300.0,48.13874853965061,250.15660092099768,True
2025-05-11T16:08:40.705959,100.0,200.0,300.0,48.17119524560194,250.3059958153815,True
2025-05-11T16:08:40.764821,100.0,200.0,300.0,48.13874853965061,250.15660092099768,True
2025-05-11T16:08:40.823432,100.0,200.0,300.0,48.20370288871747,250.45567128373858,True
2025-05-11T16:08:40.880935,100.0,200.0,300.0,48.13874853965061,250.15660092099768,True
2025-05-11T16:08:40.939644,100.0,200.0,300.0,48.13874853965061,250.15660092099768,True
2025-05-11T16:08:40.996908,100.0,200.0,300.0,48.17119524560194,250.3059958153815,True
2025-05-11T16:08:41.054363,100.0,200.0,300.0,48.13874853965061,250.15660092099768,True
2025-05-11T16:08:41.123291,100.0,200.0,300.0,48.17119524560194,250.3059958153815,True
2025-05-11T16:08:41.180904,100.0,200.0,300.0,48.13874853965061,250.15660092099768,True
2025-05-11T16:08:41.240297,100.0,200.0,300.0,48.17119524560194,250.3059958153815,True
2025-05-11T16:08:41.338591,100.0,200.0,300.0,48.20370288871747,250.45567128373858,True
2025-05-11T16:08:41.395566,100.0,200.0,300.0,48.23627164082487,250.60562811721786,True
2025-05-11T16:08:41.454316,100.0,200.0,300.0,48.20370288871747,250.45567128373858,True
2025-05-11T16:08:41.512154,100.0,200.0,300.0,48.13874853965061,250.15660092099768,True
2025-05-11T16:08:41.568922,100.0,200.0,300.0,48.13874853965061,250.15660092099768,True
2025-05-11T16:08:41.629777,100.0,200.0,300.0,48.13874853965061,250.15660092099768,True
2025-05-11T16:08:41.693296,100.0,200.0,300.0,48.17119524560194,250.3059958153815,True
2025-05-11T16:08:41.759926,100.0,200.0,300.0,48.13874853965061,250.15660092099768,True
2025-05-11T16:08:41.819907,100.0,200.0,300.0,48.17119524560194,250.3059958153815,True
2025-05-11T16:08:41.877652,100.0,200.0,300.0,48.20370288871747,250.45567128373858,True
2025-05-11T16:08:41.937642,100.0,200.0,300.0,48.20370288871747,250.45567128373858,True
2025-05-11T16:08:41.993928,100.0,200.0,300.0,48.13874853965061,250.15660092099768,True
2025-05-11T16:08:42.054808,100.0,200.0,300.0,48.13874853965061,250.15660092099768,True
2025-05-11T16:08:42.112748,100.0,200.0,300.0,48.17119524560194,250.3059958153815,True
2025-05-11T16:08:42.170303,100.0,200.0,300.0,48.20370288871747,250.45567128373858,True
2025-05-11T16:08:42.229394,100.0,200.0,300.0,48.20370288871747,250.45567128373858,True
2025-05-11T16:08:42.289727,100.0,200.0,300.0,48.20370288871747,250.45567128373858,True
2025-05-11T16:08:42.347206,100.0,200.0,300.0,48.13874853965061,250.15660092099768,True
2025-05-11T16:08:42.404845,100.0,200.0,300.0,48.20370288871747,250.45567128373858,True
2025-05-11T16:08:42.465281,100.0,200.0,300.0,48.20370288871747,250.45567128373858,True
2025-05-11T16:08:42.523365,100.0,200.0,300.0,48.13874853965061,250.15660092099768,True
2025-05-11T16:08:42.579827,100.0,200.0,300.0,48.13874853965061,250.15660092099768,True
2025-05-11T16:08:42.637750,100.0,200.0,300.0,48.13874853965061,250.15660092099768,True
2025-05-11T16:08:42.695917,100.0,200.0,300.0,48.13874853965061,250.15660092099768,True
2025-05-11T16:08:42.753939,100.0,200.0,300.0,48.20370288871747,250.45567128373858,True
2025-05-11T16:08:42.812996,100.0,200.0,300.0,48.20370288871747,250.45567128373858,True
2025-05-11T16:08:42.870374,100.0,200.0,300.0,48.13874853965061,250.15660092099768,True
2025-05-11T16:08:42.928049,100.0,200.0,300.0,48.17119524560194,250.3059958153815,True
2025-05-11T16:08:42.985717,100.0,200.0,300.0,48.13874853965061,250.15660092099768,True
2025-05-11T16:08:43.042708,100.0,200.0,300.0,48.17119524560194,250.3059958153815,True
2025-05-11T16:08:43.100498,100.0,200.0,300.0,48.17119524560194,250.3059958153815,True
2025-05-11T16:08:43.159442,100.0,200.0,300.0,48.20370288871747,250.45567128373858,True
2025-05-11T16:08:43.217971,100.0,200.0,300.0,48.17119524560194,250.3059958153815,True
2025-05-11T16:08:43.275642,100.0,200.0,300.0,48.20370288871747,250.45567128373858,True
2025-05-11T16:08:43.334086,100.0,200.0,300.0,48.20370288871747,250.45567128373858,True
2025-05-11T16:08:43.392825,100.0,200.0,300.0,48.17119524560194,250.3059958153815,True
2025-05-11T16:08:43.462345,100.0,200.0,300.0,48.20370288871747,250.45567128373858,True
2025-05-11T16:08:43.519971,100.0,200.0,300.0,48.20370288871747,250.45567128373858,True
2025-05-11T16:08:43.578017,100.0,200.0,300.0,48.13874853965061,250.15660092099768,True
2025-05-11T16:08:43.638198,100.0,200.0,300.0,48.20370288871747,250.45567128373858,True
2025-05-11T16:08:43.695514,100.0,200.0,300.0,48.20370288871747,250.45567128373858,True
2025-05-11T16:08:43.752864,100.0,200.0,300.0,48.13874853965061,250.15660092099768,True
2025-05-11T16:08:43.811185,100.0,200.0,300.0,48.20370288871747,250.45567128373858,True
2025-05-11T16:08:43.867793,100.0,200.0,300.0,48.20370288871747,250.45567128373858,True
2025-05-11T16:08:43.925136,100.0,200.0,300.0,48.17119524560194,250.3059958153815,True
2025-05-11T16:08:43.981757,100.0,200.0,300.0,48.17119524560194,250.3059958153815,True
2025-05-11T16:08:44.039662,100.0,200.0,300.0,48.13874853965061,250.15660092099768,True
2025-05-11T16:08:44.097228,100.0,200.0,300.0,48.20370288871747,250.45567128373858,True
2025-05-11T16:08:44.165080,100.0,200.0,300.0,48.13874853965061,250.15660092099768,True
2025-05-11T16:08:44.225447,100.0,200.0,300.0,48.17119524560194,250.3059958153815,True
2025-05-11T16:08:44.288218,100.0,200.0,300.0,48.20370288871747,250.45567128373858,True
2025-05-11T16:08:44.349620,100.0,200.0,300.0,48.20370288871747,250.45567128373858,True
2025-05-11T16:08:44.406937,100.0,200.0,300.0,48.20370288871747,250.45567128373858,True
2025-05-11T16:08:44.465239,100.0,200.0,300.0,48.13874853965061,250.15660092099768,True
2025-05-11T16:08:44.523849,100.0,200.0,300.0,48.20370288871747,250.45567128373858,True
2025-05-11T16:08:44.581470,100.0,200.0,300.0,48.20370288871747,250.45567128373858,True
2025-05-11T16:08:44.639912,100.0,200.0,300.0,48.20370288871747,250.45567128373858,True
2025-05-11T16:08:44.696872,100.0,200.0,300.0,48.13874853965061,250.15660092099768,True
2025-05-11T16:08:44.753604,100.0,200.0,300.0,48.23627164082487,250.60562811721786,True
2025-05-11T16:08:44.812662,100.0,200.0,300.0,48.17119524560194,250.3059958153815,True
2025-05-11T16:08:44.869255,100.0,200.0,300.0,48.17119524560194,250.3059958153815,True
2025-05-11T16:08:44.925866,100.0,200.0,300.0,48.20370288871747,250.45567128373858,True
2025-05-11T16:08:44.983489,100.0,200.0,300.0,48.20370288871747,250.45567128373858,True
2025-05-11T16:08:45.041089,100.0,200.0,300.0,48.20370288871747,250.45567128373858,True
2025-05-11T16:08:45.098118,100.0,200.0,300.0,48.20370288871747,250.45567128373858,True
2025-05-11T16:08:45.155392,100.0,200.0,300.0,48.13874853965061,250.15660092099768,True
2025-05-11T16:08:45.213329,100.0,200.0,300.0,48.20370288871747,250.45567128373858,True
2025-05-11T16:08:45.269567,100.0,200.0,300.0,48.20370288871747,250.45567128373858,True
2025-05-11T16:08:45.327313,100.0,200.0,300.0,48.17119524560194,250.3059958153815,True
2025-05-11T16:08:45.386769,100.0,200.0,300.0,48.17119524560194,250.3059958153815,True
2025-05-11T16:08:45.442923,100.0,200.0,300.0,48.13874853965061,250.15660092099768,True
2025-05-11T16:08:45.500516,100.0,200.0,300.0,48.23627164082487,250.60562811721786,True
2025-05-11T16:08:45.558514,100.0,200.0,300.0,48.17119524560194,250.3059958153815,True
2025-05-11T16:08:45.615615,100.0,200.0,300.0,48.17119524560194,250.3059958153815,True
2025-05-11T16:08:45.672429,100.0,200.0,300.0,48.17119524560194,250.3059958153815,True
2025-05-11T16:08:45.729981,100.0,200.0,300.0,48.20370288871747,250.45567128373858,True
2025-05-11T16:08:45.787515,100.0,200.0,300.0,48.20370288871747,250.45567128373858,True
2025-05-11T16:08:45.844145,100.0,200.0,300.0,48.13874853965061,250.15660092099768,True
2025-05-11T16:08:45.901588,100.0,200.0,300.0,48.20370288871747,250.45567128373858,True
2025-05-11T16:08:45.958948,100.0,200.0,300.0,48.23627164082487,250.60562811721786,True
2025-05-11T16:08:46.016552,100.0,200.0,300.0,48.20370288871747,250.45567128373858,True
2025-05-11T16:08:46.073853,100.0,200.0,300.0,48.20370288871747,250.45567128373858,True
2025-05-11T16:08:46.130536,100.0,200.0,300.0,48.20370288871747,250.45567128373858,True
2025-05-11T16:08:46.188299,100.0,200.0,300.0,48.20370288871747,250.45567128373858,True
2025-05-11T16:08:46.245211,100.0,200.0,300.0,48.13874853965061,250.15660092099768,True
2025-05-11T16:08:46.302338,100.0,200.0,300.0,48.20370288871747,250.45567128373858,True
2025-05-11T16:08:46.360656,100.0,200.0,300.0,48.20370288871747,250.45567128373858,True
2025-05-11T16:08:46.419487,100.0,200.0,300.0,48.20370288871747,250.45567128373858,True
2025-05-11T16:08:46.476358,100.0,200.0,300.0,48.20370288871747,250.45567128373858,True
2025-05-11T16:08:46.535382,100.0,200.0,300.0,48.13874853965061,250.15660092099768,True
2025-05-11T16:08:46.592977,100.0,200.0,300.0,48.20370288871747,250.45567128373858,True
2025-05-11T16:08:46.649576,100.0,200.0,300.0,48.21655031018796,250.60819650093276,True
2025-05-11T16:08:46.707138,100.0,200.0,300.0,48.20370288871747,250.45567128373858,True
2025-05-11T16:08:46.764341,100.0,200.0,300.0,48.23627164082487,250.60562811721786,True
2025-05-11T16:08:46.825021,100.0,200.0,300.0,48.20370288871747,250.45567128373858,True
2025-05-11T16:08:46.884604,100.0,200.0,300.0,48.20370288871747,250.45567128373858,True
2025-05-11T16:08:46.942102,100.0,200.0,300.0,48.20370288871747,250.45567128373858,True
2025-05-11T16:08:46.999496,100.0,200.0,300.0,48.20370288871747,250.45567128373858,True
2025-05-11T16:08:47.056960,100.0,200.0,300.0,48.20370288871747,250.45567128373858,True
2025-05-11T16:08:47.114109,100.0,200.0,300.0,48.17119524560194,250.3059958153815,True
2025-05-11T16:08:47.171574,100.0,200.0,300.0,48.13874853965061,250.15660092099768,True
2025-05-11T16:08:47.227924,100.0,200.0,300.0,48.17119524560194,250.3059958153815,True
2025-05-11T16:08:47.285149,100.0,200.0,300.0,48.23627164082487,250.60562811721786,True
2025-05-11T16:08:47.341945,100.0,200.0,300.0,48.20370288871747,250.45567128373858,True
2025-05-11T16:08:47.399009,100.0,200.0,300.0,48.20370288871747,250.45567128373858,True
2025-05-11T16:08:47.457153,100.0,200.0,300.0,48.13874853965061,250.15660092099768,True
2025-05-11T16:08:47.514267,100.0,200.0,300.0,48.23627164082487,250.60562811721786,True
2025-05-11T16:08:47.570759,100.0,200.0,300.0,48.20370288871747,250.45567128373858,True
2025-05-11T16:08:47.627455,100.0,200.0,300.0,48.13874853965061,250.15660092099768,True
2025-05-11T16:08:47.684514,100.0,200.0,300.0,48.23627164082487,250.60562811721786,True
2025-05-11T16:08:47.741557,100.0,200.0,300.0,48.20370288871747,250.45567128373858,True
2025-05-11T16:08:47.798311,100.0,200.0,300.0,48.20370288871747,250.45567128373858,True
2025-05-11T16:08:47.856105,100.0,200.0,300.0,48.13874853965061,250.15660092099768,True
2025-05-11T16:08:47.913416,100.0,200.0,300.0,48.20370288871747,250.45567128373858,True
2025-05-11T16:08:47.970414,100.0,200.0,300.0,48.13874853965061,250.15660092099768,True
2025-05-11T16:08:48.027069,100.0,200.0,300.0,48.13874853965061,250.15660092099768,True
2025-05-11T16:08:48.084615,100.0,200.0,300.0,48.17119524560194,250.3059958153815,True
2025-05-11T16:08:48.141650,100.0,200.0,300.0,48.17119524560194,250.3059958153815,True
2025-05-11T16:08:48.199495,100.0,200.0,300.0,48.17119524560194,250.3059958153815,True
2025-05-11T16:08:48.257319,100.0,200.0,300.0,48.20370288871747,250.45567128373858,True
2025-05-11T16:08:48.315827,100.0,200.0,300.0,48.13874853965061,250.15660092099768,True
2025-05-11T16:08:48.373274,100.0,200.0,300.0,48.13874853965061,250.15660092099768,True
2025-05-11T16:08:48.430230,100.0,200.0,300.0,48.20370288871747,250.45567128373858,True
2025-05-11T16:08:48.487720,100.0,200.0,300.0,48.13874853965061,250.15660092099768,True
2025-05-11T16:08:48.548218,100.0,200.0,300.0,48.17119524560194,250.3059958153815,True
2025-05-11T16:08:48.607837,100.0,200.0,300.0,48.20370288871747,250.45567128373858,True
2025-05-11T16:08:48.665917,100.0,200.0,300.0,48.20370288871747,250.45567128373858,True
2025-05-11T16:08:48.723791,100.0,200.0,300.0,48.20370288871747,250.45567128373858,True
2025-05-11T16:08:48.781149,100.0,200.0,300.0,48.13874853965061,250.15660092099768,True
2025-05-11T16:08:48.838236,100.0,200.0,300.0,48.20370288871747,250.45567128373858,True
2025-05-11T16:08:48.896068,100.0,200.0,300.0,48.20370288871747,250.45567128373858,True
2025-05-11T16:08:48.952943,100.0,200.0,300.0,48.13874853965061,250.15660092099768,True
2025-05-11T16:08:49.012249,100.0,200.0,300.0,48.20370288871747,250.45567128373858,True
2025-05-11T16:08:49.069940,100.0,200.0,300.0,48.20370288871747,250.45567128373858,True
2025-05-11T16:08:49.126667,100.0,200.0,300.0,48.10636259967936,250.00748581240146,True
2025-05-11T16:08:49.184798,100.0,200.0,300.0,48.20370288871747,250.45567128373858,True
2025-05-11T16:08:49.241644,100.0,200.0,300.0,48.20370288871747,250.45567128373858,True
2025-05-11T16:08:49.298603,100.0,200.0,300.0,48.21655031018796,250.60819650093276,True
2025-05-11T16:08:49.355554,100.0,200.0,300.0,48.13874853965061,250.15660092099768,True
2025-05-11T16:08:49.412193,100.0,200.0,300.0,48.10636259967936,250.00748581240146,True
2025-05-11T16:08:49.468648,100.0,200.0,300.0,48.13874853965061,250.15660092099768,True
2025-05-11T16:08:49.525559,100.0,200.0,300.0,48.13874853965061,250.15660092099768,True
2025-05-11T16:08:49.583155,100.0,200.0,300.0,48.17119524560194,250.3059958153815,True
2025-05-11T16:08:49.640607,100.0,200.0,300.0,48.23627164082487,250.60562811721786,True
2025-05-11T16:08:49.697516,100.0,200.0,300.0,48.23627164082487,250.60562811721786,True
2025-05-11T16:08:49.754492,100.0,200.0,300.0,48.13874853965061,250.15660092099768,True
2025-05-11T16:08:49.812858,100.0,200.0,300.0,48.13874853965061,250.15660092099768,True
2025-05-11T16:08:49.868896,100.0,200.0,300.0,48.20370288871747,250.45567128373858,True
2025-05-11T16:08:49.925382,100.0,200.0,300.0,48.13874853965061,250.15660092099768,True
2025-05-11T16:08:49.983161,100.0,200.0,300.0,48.13874853965061,250.15660092099768,True
2025-05-11T16:08:50.042508,100.0,200.0,300.0,48.20370288871747,250.45567128373858,True
2025-05-11T16:08:50.099555,100.0,200.0,300.0,48.20370288871747,250.45567128373858,True
2025-05-11T16:08:50.156788,100.0,200.0,300.0,48.13874853965061,250.15660092099768,True
2025-05-11T16:08:50.213622,100.0,200.0,300.0,48.11921002114985,250.16001102959564,True
2025-05-11T16:08:50.270125,100.0,200.0,300.0,48.10636259967936,250.00748581240146,True
2025-05-11T16:08:50.327014,100.0,200.0,300.0,48.10636259967936,250.00748581240146,True
2025-05-11T16:08:50.386773,100.0,200.0,300.0,48.20370288871747,250.45567128373858,True
2025-05-11T16:08:50.443470,100.0,200.0,300.0,48.13874853965061,250.15660092099768,True
2025-05-11T16:08:50.500623,100.0,200.0,300.0,48.23627164082487,250.60562811721786,True
2025-05-11T16:08:50.558690,100.0,200.0,300.0,48.10636259967936,250.00748581240146,True
2025-05-11T16:08:50.615621,100.0,200.0,300.0,48.10636259967936,250.00748581240146,True
2025-05-11T16:08:50.672384,100.0,200.0,300.0,48.10636259967936,250.00748581240146,True
2025-05-11T16:08:50.729244,100.0,200.0,300.0,48.10636259967936,250.00748581240146,True
2025-05-11T16:08:50.786405,100.0,200.0,300.0,48.13874853965061,250.15660092099768,True
2025-05-11T16:08:50.844869,100.0,200.0,300.0,48.13874853965061,250.15660092099768,True
2025-05-11T16:08:50.904110,100.0,200.0,300.0,48.13874853965061,250.15660092099768,True
2025-05-11T16:08:50.961675,100.0,200.0,300.0,48.10636259967936,250.00748581240146,True
2025-05-11T16:08:51.019891,100.0,200.0,300.0,48.10636259967936,250.00748581240146,True
2025-05-11T16:08:51.078064,100.0,200.0,300.0,48.10636259967936,250.00748581240146,True
2025-05-11T16:08:51.137577,100.0,200.0,300.0,48.10636259967936,250.00748581240146,True
2025-05-11T16:08:51.194932,100.0,200.0,300.0,48.10636259967936,250.00748581240146,True
2025-05-11T16:08:51.251560,100.0,200.0,300.0,48.13874853965061,250.15660092099768,True
2025-05-11T16:08:51.308882,100.0,200.0,300.0,48.13874853965061,250.15660092099768,True
2025-05-11T16:08:51.366099,100.0,200.0,300.0,48.10636259967936,250.00748581240146,True
2025-05-11T16:08:51.432914,100.0,200.0,300.0,48.10636259967936,250.00748581240146,True
2025-05-11T16:08:51.489911,100.0,200.0,300.0,48.13874853965061,250.15660092099768,True
2025-05-11T16:08:51.548615,100.0,200.0,300.0,48.13874853965061,250.15660092099768,True
2025-05-11T16:08:51.606717,100.0,200.0,300.0,48.20370288871747,250.45567128373858,True
2025-05-11T16:08:51.664719,100.0,200.0,300.0,48.20370288871747,250.45567128373858,True
2025-05-11T16:08:51.723583,100.0,200.0,300.0,48.23627164082487,250.60562811721786,True
2025-05-11T16:08:51.781889,100.0,200.0,300.0,48.13874853965061,250.15660092099768,True
2025-05-11T16:08:51.843443,100.0,200.0,300.0,48.20370288871747,250.45567128373858,True
2025-05-11T16:08:51.901433,100.0,200.0,300.0,48.20370288871747,250.45567128373858,True
2025-05-11T16:08:51.959658,100.0,200.0,300.0,48.20370288871747,250.45567128373858,True
2025-05-11T16:08:52.016252,100.0,200.0,300.0,48.20370288871747,250.45567128373858,True
2025-05-11T16:08:52.073470,100.0,200.0,300.0,48.20370288871747,250.45567128373858,True
2025-05-11T16:08:52.130851,100.0,200.0,300.0,48.13874853965061,250.15660092099768,True
2025-05-11T16:08:52.187882,100.0,200.0,300.0,48.20370288871747,250.45567128373858,True
2025-05-11T16:08:52.244259,100.0,200.0,300.0,48.13874853965061,250.15660092099768,True
2025-05-11T16:08:52.300813,100.0,200.0,300.0,48.13874853965061,250.15660092099768,True
2025-05-11T16:08:52.357996,100.0,200.0,300.0,48.13874853965061,250.15660092099768,True
2025-05-11T16:08:52.415397,100.0,200.0,300.0,48.13874853965061,250.15660092099768,True
2025-05-11T16:08:52.472981,100.0,200.0,300.0,48.13874853965061,250.15660092099768,True
2025-05-11T16:08:52.529954,100.0,200.0,300.0,48.23627164082487,250.60562811721786,True
2025-05-11T16:08:52.587095,100.0,200.0,300.0,48.20370288871747,250.45567128373858,True
2025-05-11T16:08:52.643630,100.0,200.0,300.0,48.23627164082487,250.60562811721786,True
2025-05-11T16:08:52.701709,100.0,200.0,300.0,48.17119524560194,250.3059958153815,True
2025-05-11T16:08:52.759600,100.0,200.0,300.0,48.13874853965061,250.15660092099768,True
2025-05-11T16:08:52.816771,100.0,200.0,300.0,48.23627164082487,250.60562811721786,True
2025-05-11T16:08:52.874117,100.0,200.0,300.0,48.23627164082487,250.60562811721786,True
2025-05-11T16:08:52.931469,100.0,200.0,300.0,48.20370288871747,250.45567128373858,True
2025-05-11T16:08:52.987980,100.0,200.0,300.0,48.20370288871747,250.45567128373858,True
2025-05-11T16:08:53.045444,100.0,200.0,300.0,48.20370288871747,250.45567128373858,True
2025-05-11T16:08:53.102679,100.0,200.0,300.0,48.20370288871747,250.45567128373858,True
2025-05-11T16:08:53.160585,100.0,200.0,300.0,48.17119524560194,250.3059958153815,True
2025-05-11T16:08:53.221517,100.0,200.0,300.0,48.13874853965061,250.15660092099768,True
2025-05-11T16:08:53.278769,100.0,200.0,300.0,48.13874853965061,250.15660092099768,True
2025-05-11T16:08:53.336132,100.0,200.0,300.0,48.23627164082487,250.60562811721786,True
2025-05-11T16:08:53.393456,100.0,200.0,300.0,48.20370288871747,250.45567128373858,True
2025-05-11T16:08:53.450485,100.0,200.0,300.0,48.20370288871747,250.45567128373858,True
2025-05-11T16:08:53.507680,100.0,200.0,300.0,48.13874853965061,250.15660092099768,True
2025-05-11T16:08:53.563870,100.0,200.0,300.0,48.20370288871747,250.45567128373858,True
2025-05-11T16:08:53.621008,100.0,200.0,300.0,48.20370288871747,250.45567128373858,True
2025-05-11T16:08:53.678437,100.0,200.0,300.0,48.20370288871747,250.45567128373858,True
2025-05-11T16:08:53.736573,100.0,200.0,300.0,48.20370288871747,250.45567128373858,True
2025-05-11T16:08:53.795481,100.0,200.0,300.0,48.13874853965061,250.15660092099768,True
2025-05-11T16:08:53.853248,100.0,200.0,300.0,48.13874853965061,250.15660092099768,True
2025-05-11T16:08:53.910832,100.0,200.0,300.0,48.20370288871747,250.45567128373858,True
2025-05-11T16:08:53.967357,100.0,200.0,300.0,48.13874853965061,250.15660092099768,True
2025-05-11T16:08:54.024067,100.0,200.0,300.0,48.13874853965061,250.15660092099768,True
2025-05-11T16:08:54.081797,100.0,200.0,300.0,48.10636259967936,250.00748581240146,True
2025-05-11T16:08:54.138935,100.0,200.0,300.0,48.10636259967936,250.00748581240146,True
2025-05-11T16:08:54.198016,100.0,200.0,300.0,48.13874853965061,250.15660092099768,True
2025-05-11T16:08:54.255813,100.0,200.0,300.0,48.10636259967936,250.00748581240146,True
2025-05-11T16:08:54.313943,100.0,200.0,300.0,48.10636259967936,250.00748581240146,True
2025-05-11T16:08:54.370894,100.0,200.0,300.0,48.10636259967936,250.00748581240146,True
2025-05-11T16:08:54.427057,100.0,200.0,300.0,48.10636259967936,250.00748581240146,True
2025-05-11T16:08:54.484691,100.0,200.0,300.0,48.10636259967936,250.00748581240146,True
2025-05-11T16:08:54.541220,100.0,200.0,300.0,48.10636259967936,250.00748581240146,True
2025-05-11T16:08:54.597845,100.0,200.0,300.0,48.13874853965061,250.15660092099768,True
2025-05-11T16:08:54.655143,100.0,200.0,300.0,48.13874853965061,250.15660092099768,True
2025-05-11T16:08:54.712746,100.0,200.0,300.0,48.10636259967936,250.00748581240146,True
2025-05-11T16:08:54.772217,100.0,200.0,300.0,48.13874853965061,250.15660092099768,True
2025-05-11T16:08:54.829789,100.0,200.0,300.0,48.20370288871747,250.45567128373858,True
2025-05-11T16:08:54.887215,100.0,200.0,300.0,48.13874853965061,250.15660092099768,True
2025-05-11T16:08:54.944517,100.0,200.0,300.0,48.13874853965061,250.15660092099768,True
2025-05-11T16:08:55.001763,100.0,200.0,300.0,48.13874853965061,250.15660092099768,True
2025-05-11T16:08:55.059873,100.0,200.0,300.0,48.13874853965061,250.15660092099768,True
2025-05-11T16:08:55.118907,100.0,200.0,300.0,48.10636259967936,250.00748581240146,True
2025-05-11T16:08:55.177571,100.0,200.0,300.0,48.13874853965061,250.15660092099768,True
2025-05-11T16:08:55.236253,100.0,200.0,300.0,48.10636259967936,250.00748581240146,True
2025-05-11T16:08:55.303014,100.0,200.0,300.0,48.10636259967936,250.00748581240146,True
2025-05-11T16:08:55.360606,100.0,200.0,300.0,48.13874853965061,250.15660092099768,True
2025-05-11T16:08:55.419379,100.0,200.0,300.0,48.20370288871747,250.45567128373858,True
2025-05-11T16:08:55.476153,100.0,200.0,300.0,48.13874853965061,250.15660092099768,True
2025-05-11T16:08:55.535761,100.0,200.0,300.0,48.10636259967936,250.00748581240146,True
2025-05-11T16:08:55.593928,100.0,200.0,300.0,48.10636259967936,250.00748581240146,True
2025-05-11T16:08:55.655581,100.0,200.0,300.0,48.13874853965061,250.15660092099768,True
2025-05-11T16:08:55.714328,100.0,200.0,300.0,48.10636259967936,250.00748581240146,True
2025-05-11T16:08:55.772764,100.0,200.0,300.0,48.13874853965061,250.15660092099768,True
2025-05-11T16:08:55.831688,100.0,200.0,300.0,48.13874853965061,250.15660092099768,True
2025-05-11T16:08:55.889716,100.0,200.0,300.0,48.13874853965061,250.15660092099768,True
2025-05-11T16:08:55.950227,100.0,200.0,300.0,48.13874853965061,250.15660092099768,True
2025-05-11T16:08:56.007394,100.0,200.0,300.0,48.13874853965061,250.15660092099768,True
2025-05-11T16:08:56.064162,100.0,200.0,300.0,48.10636259967936,250.00748581240146,True
2025-05-11T16:08:56.120826,100.0,200.0,300.0,48.13874853965061,250.15660092099768,True
2025-05-11T16:08:56.177552,100.0,200.0,300.0,48.13874853965061,250.15660092099768,True
2025-05-11T16:08:56.235975,100.0,200.0,300.0,48.10636259967936,250.00748581240146,True
2025-05-11T16:08:56.292815,100.0,200.0,300.0,48.10636259967936,250.00748581240146,True
2025-05-11T16:08:56.350403,100.0,200.0,300.0,48.13874853965061,250.15660092099768,True
2025-05-11T16:08:56.407839,100.0,200.0,300.0,48.13874853965061,250.15660092099768,True
2025-05-11T16:08:56.464759,100.0,200.0,300.0,48.10636259967936,250.00748581240146,True
2025-05-11T16:08:56.521301,100.0,200.0,300.0,48.10636259967936,250.00748581240146,True
2025-05-11T16:08:56.578008,100.0,200.0,300.0,48.13874853965061,250.15660092099768,True
2025-05-11T16:08:56.637746,100.0,200.0,300.0,48.10636259967936,250.00748581240146,True
2025-05-11T16:08:56.696151,100.0,200.0,300.0,48.13874853965061,250.15660092099768,True
2025-05-11T16:08:56.756261,100.0,200.0,300.0,48.13874853965061,250.15660092099768,True
2025-05-11T16:08:56.819241,100.0,200.0,300.0,48.13874853965061,250.15660092099768,True
2025-05-11T16:08:56.877451,100.0,200.0,300.0,48.10636259967936,250.00748581240146,True
2025-05-11T16:08:56.937413,100.0,200.0,300.0,48.10636259967936,250.00748581240146,True
2025-05-11T16:08:56.995155,100.0,200.0,300.0,48.10636259967936,250.00748581240146,True
2025-05-11T16:08:57.053438,100.0,200.0,300.0,48.13874853965061,250.15660092099768,True
2025-05-11T16:08:57.110720,100.0,200.0,300.0,48.13874853965061,250.15660092099768,True
2025-05-11T16:08:57.167594,100.0,200.0,300.0,48.13874853965061,250.15660092099768,True
2025-05-11T16:08:57.224932,100.0,200.0,300.0,48.13874853965061,250.15660092099768,True
2025-05-11T16:08:57.282705,100.0,200.0,300.0,48.10636259967936,250.00748581240146,True
2025-05-11T16:08:57.340149,100.0,200.0,300.0,48.13874853965061,250.15660092099768,True
2025-05-11T16:08:57.397743,100.0,200.0,300.0,48.10636259967936,250.00748581240146,True
2025-05-11T16:08:57.457756,100.0,200.0,300.0,48.13874853965061,250.15660092099768,True
2025-05-11T16:08:57.514526,100.0,200.0,300.0,48.10636259967936,250.00748581240146,True
2025-05-11T16:08:57.571301,100.0,200.0,300.0,48.10636259967936,250.00748581240146,True
2025-05-11T16:08:57.628265,100.0,200.0,300.0,48.10636259967936,250.00748581240146,True
2025-05-11T16:08:57.685550,100.0,200.0,300.0,48.13874853965061,250.15660092099768,True
2025-05-11T16:08:57.743300,100.0,200.0,300.0,48.10636259967936,250.00748581240146,True
2025-05-11T16:08:57.800506,100.0,200.0,300.0,48.10636259967936,250.00748581240146,True
2025-05-11T16:08:57.860107,100.0,200.0,300.0,48.13874853965061,250.15660092099768,True
2025-05-11T16:08:57.917719,100.0,200.0,300.0,48.10636259967936,250.00748581240146,True
2025-05-11T16:08:57.976832,100.0,200.0,300.0,48.13874853965061,250.15660092099768,True
2025-05-11T16:08:58.047337,100.0,200.0,300.0,48.10636259967936,250.00748581240146,True
2025-05-11T16:08:58.104658,100.0,200.0,300.0,48.10636259967936,250.00748581240146,True
2025-05-11T16:08:58.162983,100.0,200.0,300.0,48.10636259967936,250.00748581240146,True
2025-05-11T16:08:58.222838,100.0,200.0,300.0,48.13874853965061,250.15660092099768,True
2025-05-11T16:08:58.281174,100.0,200.0,300.0,48.13874853965061,250.15660092099768,True
2025-05-11T16:08:58.339811,100.0,200.0,300.0,48.10636259967936,250.00748581240146,True
2025-05-11T16:08:58.396625,100.0,200.0,300.0,48.10636259967936,250.00748581240146,True
2025-05-11T16:08:58.453532,100.0,200.0,300.0,48.10636259967936,250.00748581240146,True
2025-05-11T16:08:58.511097,100.0,200.0,300.0,48.10636259967936,250.00748581240146,True
2025-05-11T16:08:58.567736,100.0,200.0,300.0,48.10636259967936,250.00748581240146,True
2025-05-11T16:08:58.623894,100.0,200.0,300.0,48.10636259967936,250.00748581240146,True
2025-05-11T16:08:58.681451,100.0,200.0,300.0,48.10636259967936,250.00748581240146,True
2025-05-11T16:08:58.738771,100.0,200.0,300.0,48.10636259967936,250.00748581240146,True
2025-05-11T16:08:58.796297,100.0,200.0,300.0,48.10636259967936,250.00748581240146,True
2025-05-11T16:08:58.853979,100.0,200.0,300.0,48.10636259967936,250.00748581240146,True
2025-05-11T16:08:58.911331,100.0,200.0,300.0,48.10636259967936,250.00748581240146,True
2025-05-11T16:08:58.967837,100.0,200.0,300.0,48.10636259967936,250.00748581240146,True
